pair,ClassNorm,MethodNorm
address::isverified,address,isverified
address::markasunverified,address,markasunverified
address::markasverified,address,markasverified
address::updateaddress,address,updateaddress
address::updateaddressdetails,address,updateaddressdetails
address::updatecoordinates,address,updatecoordinates
address::updatedetails,address,updatedetails
address::updateposition,address,updateposition
address::updatevalidationstatus,address,updatevalidationstatus
address::validate,address,validate
address::validateaddress,address,validateaddress
address::validateaddressconsistency,address,validateaddressconsistency
address::validateconsistency,address,validateconsistency
address::validateformat,address,validateformat
address::verify,address,verify
address::verifyaddress,address,verifyaddress
address::verifycoordinates,address,verifycoordinates
address::verifylocation,address,verifylocation
collectionpoint::addcollectionpoint,collectionpoint,addcollectionpoint
collectionpoint::addlocation,collectionpoint,addlocation
collectionpoint::addoperatinghours,collectionpoint,addoperatinghours
collectionpoint::applyupdates,collectionpoint,applyupdates
collectionpoint::calculatedistance,collectionpoint,calculatedistance
collectionpoint::changeoperatingprovider,collectionpoint,changeoperatingprovider
collectionpoint::createcollectionpoint,collectionpoint,createcollectionpoint
collectionpoint::createlocation,collectionpoint,createlocation
collectionpoint::createoreditlocation,collectionpoint,createoreditlocation
collectionpoint::createpoint,collectionpoint,createpoint
collectionpoint::deactivate,collectionpoint,deactivate
collectionpoint::deactivatecollectionpoint,collectionpoint,deactivatecollectionpoint
collectionpoint::deactivatelocation,collectionpoint,deactivatelocation
collectionpoint::deactivatepoint,collectionpoint,deactivatepoint
collectionpoint::findnearby,collectionpoint,findnearby
collectionpoint::findnearbypoints,collectionpoint,findnearbypoints
collectionpoint::getavailablepoints,collectionpoint,getavailablepoints
collectionpoint::getavailabletimeslots,collectionpoint,getavailabletimeslots
collectionpoint::getbytype,collectionpoint,getbytype
collectionpoint::getdetails,collectionpoint,getdetails
collectionpoint::getlocationdetails,collectionpoint,getlocationdetails
collectionpoint::getoperatinghours,collectionpoint,getoperatinghours
collectionpoint::getoperatinghoursforday,collectionpoint,getoperatinghoursforday
collectionpoint::isavailableat,collectionpoint,isavailableat
collectionpoint::isopenat,collectionpoint,isopenat
collectionpoint::isopennow,collectionpoint,isopennow
collectionpoint::isoperatingat,collectionpoint,isoperatingat
collectionpoint::listbycriteria,collectionpoint,listbycriteria
collectionpoint::listpoints,collectionpoint,listpoints
collectionpoint::removeoperatinghours,collectionpoint,removeoperatinghours
collectionpoint::savechanges,collectionpoint,savechanges
collectionpoint::savedetails,collectionpoint,savedetails
collectionpoint::savelocation,collectionpoint,savelocation
collectionpoint::saveupdates,collectionpoint,saveupdates
collectionpoint::searchnearby,collectionpoint,searchnearby
collectionpoint::searchpoints,collectionpoint,searchpoints
collectionpoint::setaddress,collectionpoint,setaddress
collectionpoint::setdetails,collectionpoint,setdetails
collectionpoint::setlocationaddress,collectionpoint,setlocationaddress
collectionpoint::setname,collectionpoint,setname
collectionpoint::setoperatinghours,collectionpoint,setoperatinghours
collectionpoint::settype,collectionpoint,settype
collectionpoint::updatecollectionpoint,collectionpoint,updatecollectionpoint
collectionpoint::updatedetails,collectionpoint,updatedetails
collectionpoint::updatefacilityinfo,collectionpoint,updatefacilityinfo
collectionpoint::updatefacilitytype,collectionpoint,updatefacilitytype
collectionpoint::updatelocation,collectionpoint,updatelocation
collectionpoint::updatelocationdetails,collectionpoint,updatelocationdetails
collectionpoint::updatename,collectionpoint,updatename
collectionpoint::updateoperatinghours,collectionpoint,updateoperatinghours
collectionpoint::updatepoint,collectionpoint,updatepoint
collectionpoint::updateposition,collectionpoint,updateposition
collectionpoint::validate,collectionpoint,validate
collectionpoint::validateaccessibility,collectionpoint,validateaccessibility
collectionpoint::validateaddress,collectionpoint,validateaddress
collectionpoint::validatecollectionpoint,collectionpoint,validatecollectionpoint
collectionpoint::validatedetails,collectionpoint,validatedetails
collectionpoint::validatefacilitydetails,collectionpoint,validatefacilitydetails
collectionpoint::validatefacilitytype,collectionpoint,validatefacilitytype
collectionpoint::validatelocation,collectionpoint,validatelocation
collectionpoint::validatelocationdata,collectionpoint,validatelocationdata
collectionpoint::validatelocationdetails,collectionpoint,validatelocationdetails
collectionpoint::validatelocationuniqueness,collectionpoint,validatelocationuniqueness
collectionpoint::validateoperatinghours,collectionpoint,validateoperatinghours
collectionpoint::validatepoint,collectionpoint,validatepoint
collectionpoint::validatepointdata,collectionpoint,validatepointdata
collectionpoint::validateuniqueness,collectionpoint,validateuniqueness
collectionpoint::viewcollectionpoints,collectionpoint,viewcollectionpoints
collectionpoint::viewdetails,collectionpoint,viewdetails
collectionpoint::viewpointinfo,collectionpoint,viewpointinfo
collectionrequest::accept,collectionrequest,accept
collectionrequest::acceptcollection,collectionrequest,acceptcollection
collectionrequest::acceptrequest,collectionrequest,acceptrequest
collectionrequest::assigncollection,collectionrequest,assigncollection
collectionrequest::assignvehicle,collectionrequest,assignvehicle
collectionrequest::assignvehicletype,collectionrequest,assignvehicletype
collectionrequest::checkavailability,collectionrequest,checkavailability
collectionrequest::completerequest,collectionrequest,completerequest
collectionrequest::confirmcollection,collectionrequest,confirmcollection
collectionrequest::create,collectionrequest,create
collectionrequest::createcollectionrequest,collectionrequest,createcollectionrequest
collectionrequest::createrequest,collectionrequest,createrequest
collectionrequest::decline,collectionrequest,decline
collectionrequest::dispatch,collectionrequest,dispatch
collectionrequest::initializecollectionrequest,collectionrequest,initializecollectionrequest
collectionrequest::markascollected,collectionrequest,markascollected
collectionrequest::markcollected,collectionrequest,markcollected
collectionrequest::proposealternativetime,collectionrequest,proposealternativetime
collectionrequest::schedule,collectionrequest,schedule
collectionrequest::schedulecollection,collectionrequest,schedulecollection
collectionrequest::setcollectionlocation,collectionrequest,setcollectionlocation
collectionrequest::setlocation,collectionrequest,setlocation
collectionrequest::setvehicletype,collectionrequest,setvehicletype
collectionrequest::specifycollectiondetails,collectionrequest,specifycollectiondetails
collectionrequest::startcollection,collectionrequest,startcollection
collectionrequest::submit,collectionrequest,submit
collectionrequest::submitcollectionrequest,collectionrequest,submitcollectionrequest
collectionrequest::submitrequest,collectionrequest,submitrequest
collectionrequest::updatecollectiondetails,collectionrequest,updatecollectiondetails
collectionrequest::updatecollectionlocation,collectionrequest,updatecollectionlocation
collectionrequest::updatestatus,collectionrequest,updatestatus
collectionrequest::validatecollectiondetails,collectionrequest,validatecollectiondetails
collectionrequest::validatecollectionrequest,collectionrequest,validatecollectionrequest
collectionrequest::validatevehicleassignment,collectionrequest,validatevehicleassignment
collectionrequest::validatevehiclecapacity,collectionrequest,validatevehiclecapacity
collectionrequest::validatevehiclecompatability,collectionrequest,validatevehiclecompatability
collectionrequest::validatevehiclesuitability,collectionrequest,validatevehiclesuitability
collectionrequest::validatevehicletype,collectionrequest,validatevehicletype
collectionrequest::viewdetails,collectionrequest,viewdetails
coordinates::calculatedistance,coordinates,calculatedistance
coordinates::distanceto,coordinates,distanceto
coordinates::isvalid,coordinates,isvalid
coordinates::validatecoordinates,coordinates,validatecoordinates
notificationservice::alertprovider,notificationservice,alertprovider
notificationservice::alertrequestaccepted,notificationservice,alertrequestaccepted
notificationservice::alertrequestupdate,notificationservice,alertrequestupdate
notificationservice::alertserviceprovider,notificationservice,alertserviceprovider
notificationservice::dispatchpasswordreset,notificationservice,dispatchpasswordreset
notificationservice::generatenotification,notificationservice,generatenotification
notificationservice::generateverificationmessage,notificationservice,generateverificationmessage
notificationservice::notifyaccountdeactivated,notificationservice,notifyaccountdeactivated
notificationservice::notifyaccountdeactivation,notificationservice,notifyaccountdeactivation
notificationservice::notifycancellation,notificationservice,notifycancellation
notificationservice::notifydeactivation,notificationservice,notifydeactivation
notificationservice::notifynewrequest,notificationservice,notifynewrequest
notificationservice::notifypasswordreset,notificationservice,notifypasswordreset
notificationservice::notifyprovider,notificationservice,notifyprovider
notificationservice::notifyproviderchange,notificationservice,notifyproviderchange
notificationservice::notifyprovidernewrequest,notificationservice,notifyprovidernewrequest
notificationservice::notifyproviderprofilechange,notificationservice,notifyproviderprofilechange
notificationservice::notifyprovidersofnewrequest,notificationservice,notifyprovidersofnewrequest
notificationservice::notifyrequestacceptance,notificationservice,notifyrequestacceptance
notificationservice::notifyrequestaccepted,notificationservice,notifyrequestaccepted
notificationservice::notifyrequestcancelled,notificationservice,notifyrequestcancelled
notificationservice::notifyrequestcompleted,notificationservice,notifyrequestcompleted
notificationservice::notifyrequeststatuschange,notificationservice,notifyrequeststatuschange
notificationservice::notifyserviceacceptance,notificationservice,notifyserviceacceptance
notificationservice::notifyserviceprovider,notificationservice,notifyserviceprovider
notificationservice::notifyservicerequestupdate,notificationservice,notifyservicerequestupdate
notificationservice::notifystatuschange,notificationservice,notifystatuschange
notificationservice::notifytransportaccepted,notificationservice,notifytransportaccepted
notificationservice::notifyuser,notificationservice,notifyuser
notificationservice::notifyuserrequestaccepted,notificationservice,notifyuserrequestaccepted
notificationservice::notifyusertransportaccepted,notificationservice,notifyusertransportaccepted
notificationservice::preparepasswordresettemplate,notificationservice,preparepasswordresettemplate
notificationservice::queueaccountdeactivation,notificationservice,queueaccountdeactivation
notificationservice::queuedispatchalert,notificationservice,queuedispatchalert
notificationservice::queuepasswordreset,notificationservice,queuepasswordreset
notificationservice::queuepasswordresetconfirm,notificationservice,queuepasswordresetconfirm
notificationservice::queueregistrationsuccess,notificationservice,queueregistrationsuccess
notificationservice::queuerequestaccepted,notificationservice,queuerequestaccepted
notificationservice::queueverificationemail,notificationservice,queueverificationemail
notificationservice::selectnotificationchannel,notificationservice,selectnotificationchannel
notificationservice::sendaccountconfirmation,notificationservice,sendaccountconfirmation
notificationservice::sendaccountdeactivation,notificationservice,sendaccountdeactivation
notificationservice::sendaccountdeactivationconfirmation,notificationservice,sendaccountdeactivationconfirmation
notificationservice::sendaccountdeactivationemail,notificationservice,sendaccountdeactivationemail
notificationservice::sendaccountdeactivationnotice,notificationservice,sendaccountdeactivationnotice
notificationservice::sendaccountdeactivationnotification,notificationservice,sendaccountdeactivationnotification
notificationservice::sendaccountlockednotification,notificationservice,sendaccountlockednotification
notificationservice::sendcancellationconfirmation,notificationservice,sendcancellationconfirmation
notificationservice::senddeactivationconfirmation,notificationservice,senddeactivationconfirmation
notificationservice::senddeactivationemail,notificationservice,senddeactivationemail
notificationservice::senddispatchrequestalert,notificationservice,senddispatchrequestalert
notificationservice::sendemailverification,notificationservice,sendemailverification
notificationservice::sendemailverificationnotification,notificationservice,sendemailverificationnotification
notificationservice::sendemailverificationrequest,notificationservice,sendemailverificationrequest
notificationservice::sendnewrequestnotification,notificationservice,sendnewrequestnotification
notificationservice::sendnotification,notificationservice,sendnotification
notificationservice::sendpasswordreset,notificationservice,sendpasswordreset
notificationservice::sendpasswordresetalert,notificationservice,sendpasswordresetalert
notificationservice::sendpasswordresetconfirm,notificationservice,sendpasswordresetconfirm
notificationservice::sendpasswordresetconfirmation,notificationservice,sendpasswordresetconfirmation
notificationservice::sendpasswordresetconfirmationnotification,notificationservice,sendpasswordresetconfirmationnotification
notificationservice::sendpasswordresetemail,notificationservice,sendpasswordresetemail
notificationservice::sendpasswordresetinstructions,notificationservice,sendpasswordresetinstructions
notificationservice::sendpasswordresetlink,notificationservice,sendpasswordresetlink
notificationservice::sendpasswordresetnotification,notificationservice,sendpasswordresetnotification
notificationservice::sendpasswordresetrequest,notificationservice,sendpasswordresetrequest
notificationservice::sendprovideralert,notificationservice,sendprovideralert
notificationservice::sendproviderprofilechangenotification,notificationservice,sendproviderprofilechangenotification
notificationservice::sendproviderprofileupdatenotification,notificationservice,sendproviderprofileupdatenotification
notificationservice::sendproviderstatuschangenotification,notificationservice,sendproviderstatuschangenotification
notificationservice::sendproviderupdatenotification,notificationservice,sendproviderupdatenotification
notificationservice::sendregistrationconfirmation,notificationservice,sendregistrationconfirmation
notificationservice::sendregistrationsuccess,notificationservice,sendregistrationsuccess
notificationservice::sendregistrationsuccessnotification,notificationservice,sendregistrationsuccessnotification
notificationservice::sendrequestaccepted,notificationservice,sendrequestaccepted
notificationservice::sendrequestacceptednotification,notificationservice,sendrequestacceptednotification
notificationservice::sendrequestcancellednotification,notificationservice,sendrequestcancellednotification
notificationservice::sendrequestnotification,notificationservice,sendrequestnotification
notificationservice::sendrequeststatusupdate,notificationservice,sendrequeststatusupdate
notificationservice::sendresetconfirmation,notificationservice,sendresetconfirmation
notificationservice::sendresetlink,notificationservice,sendresetlink
notificationservice::sendresetpassword,notificationservice,sendresetpassword
notificationservice::sendrolechangenotification,notificationservice,sendrolechangenotification
notificationservice::sendservicerequestacceptednotification,notificationservice,sendservicerequestacceptednotification
notificationservice::sendstatusalert,notificationservice,sendstatusalert
notificationservice::sendstatusupdate,notificationservice,sendstatusupdate
notificationservice::sendtransportaccepted,notificationservice,sendtransportaccepted
notificationservice::sendverificationemail,notificationservice,sendverificationemail
notificationtemplate::formattemplate,notificationtemplate,formattemplate
notificationtemplate::getformattedcontent,notificationtemplate,getformattedcontent
notificationtemplate::gettemplate,notificationtemplate,gettemplate
notificationtemplate::gettemplatefortype,notificationtemplate,gettemplatefortype
notificationtemplate::localizecontent,notificationtemplate,localizecontent
notificationtemplate::parsetemplate,notificationtemplate,parsetemplate
notificationtemplate::render,notificationtemplate,render
notificationtemplate::rendertemplate,notificationtemplate,rendertemplate
notificationtemplate::sendnotification,notificationtemplate,sendnotification
openinghours::coverstimestamp,openinghours,coverstimestamp
openinghours::isavailableat,openinghours,isavailableat
openinghours::isopen,openinghours,isopen
openinghours::isopenat,openinghours,isopenat
openinghours::isvalid,openinghours,isvalid
openinghours::isvalidschedule,openinghours,isvalidschedule
openinghours::matchesday,openinghours,matchesday
openinghours::validate,openinghours,validate
openinghours::validateopeninghours,openinghours,validateopeninghours
openinghours::validateoperatinghours,openinghours,validateoperatinghours
openinghours::validatetimerange,openinghours,validatetimerange
openinghours::validatetimeslots,openinghours,validatetimeslots
platformmanager::assignuserrole,platformmanager,assignuserrole
platformmanager::managecollectionpoints,platformmanager,managecollectionpoints
platformmanager::manageservicelistings,platformmanager,manageservicelistings
platformmanager::manageserviceproviders,platformmanager,manageserviceproviders
platformmanager::manageservices,platformmanager,manageservices
product::applyupdate,product,applyupdate
product::applyupdates,product,applyupdates
product::approvelisting,product,approvelisting
product::archive,product,archive
product::archivelisting,product,archivelisting
product::calculatesustainabilityscore,product,calculatesustainabilityscore
product::checkduplicatelisting,product,checkduplicatelisting
product::createandpublishlisting,product,createandpublishlisting
product::createdraft,product,createdraft
product::createlisting,product,createlisting
product::createproductlisting,product,createproductlisting
product::displaydetails,product,displaydetails
product::editlisting,product,editlisting
product::editproduct,product,editproduct
product::editproductlisting,product,editproductlisting
product::findbyfilter,product,findbyfilter
product::list,product,list
product::listlistings,product,listlistings
product::listproduct,product,listproduct
product::publish,product,publish
product::publishlisting,product,publishlisting
product::recordlistingupdate,product,recordlistingupdate
product::recordupdatetimestamp,product,recordupdatetimestamp
product::rejectlisting,product,rejectlisting
product::republish,product,republish
product::reviselisting,product,reviselisting
product::searchproducts,product,searchproducts
product::setcategory,product,setcategory
product::setdescription,product,setdescription
product::setinventory,product,setinventory
product::setlisteddate,product,setlisteddate
product::setname,product,setname
product::submitforpublication,product,submitforpublication
product::submitlisting,product,submitlisting
product::update,product,update
product::updatecategory,product,updatecategory
product::updatedescription,product,updatedescription
product::updatedetails,product,updatedetails
product::updateinventory,product,updateinventory
product::updatelastmodified,product,updatelastmodified
product::updatelisting,product,updatelisting
product::updatelistingdetails,product,updatelistingdetails
product::updatelistingstatus,product,updatelistingstatus
product::updatename,product,updatename
product::updateproduct,product,updateproduct
product::updateproductdetails,product,updateproductdetails
product::updateproductlisting,product,updateproductlisting
product::updatesustainabilityscore,product,updatesustainabilityscore
product::validate,product,validate
product::validateandpublish,product,validateandpublish
product::validateandupdate,product,validateandupdate
product::validatecategory,product,validatecategory
product::validatecategoryrules,product,validatecategoryrules
product::validatedetails,product,validatedetails
product::validatelisting,product,validatelisting
product::validatelistingdata,product,validatelistingdata
product::validatelistingdetails,product,validatelistingdetails
product::validateproduct,product,validateproduct
product::validateproductdata,product,validateproductdata
product::validateproductdetails,product,validateproductdetails
product::validateproductupdates,product,validateproductupdates
product::validateupdate,product,validateupdate
product::validateupdateddetails,product,validateupdateddetails
product::validateupdatedlisting,product,validateupdatedlisting
product::validateupdates,product,validateupdates
rolemanager <<service>>::assignrole,rolemanager <<service>>,assignrole
rolemanager::approveserviceprovider,rolemanager,approveserviceprovider
rolemanager::assigndefaultrole,rolemanager,assigndefaultrole
rolemanager::assignrole,rolemanager,assignrole
rolemanager::assignroletouser,rolemanager,assignroletouser
rolemanager::assignserviceproviderrole,rolemanager,assignserviceproviderrole
rolemanager::assignuserrole,rolemanager,assignuserrole
rolemanager::authorize,rolemanager,authorize
rolemanager::authorizeuser,rolemanager,authorizeuser
rolemanager::canchangerole,rolemanager,canchangerole
rolemanager::cantransitiontorole,rolemanager,cantransitiontorole
rolemanager::changerole,rolemanager,changerole
rolemanager::changeuserrole,rolemanager,changeuserrole
rolemanager::deactivateserviceprovider,rolemanager,deactivateserviceprovider
rolemanager::demotefromserviceprovider,rolemanager,demotefromserviceprovider
rolemanager::designateasserviceprovider,rolemanager,designateasserviceprovider
rolemanager::getuserrole,rolemanager,getuserrole
rolemanager::grantaccess,rolemanager,grantaccess
rolemanager::isrolechangeallowed,rolemanager,isrolechangeallowed
rolemanager::promotetoserviceprovider,rolemanager,promotetoserviceprovider
rolemanager::removerole,rolemanager,removerole
rolemanager::selectnewrole,rolemanager,selectnewrole
rolemanager::setuserrole,rolemanager,setuserrole
rolemanager::updaterole,rolemanager,updaterole
rolemanager::updateuserrole,rolemanager,updateuserrole
rolemanager::validateroleassignment,rolemanager,validateroleassignment
rolemanager::validaterolechange,rolemanager,validaterolechange
rolemanager::validateroletransition,rolemanager,validateroletransition
routeplan::addwaypoint,routeplan,addwaypoint
routeplan::calculatedistance,routeplan,calculatedistance
routeplan::calculateoptimalroute,routeplan,calculateoptimalroute
routeplan::calculatetotaldistance,routeplan,calculatetotaldistance
routeplan::defineroute,routeplan,defineroute
routeplan::estimatedistance,routeplan,estimatedistance
routeplan::estimatetraveltime,routeplan,estimatetraveltime
routeplan::generateoptimalroute,routeplan,generateoptimalroute
routeplan::initializeroute,routeplan,initializeroute
routeplan::isvalid,routeplan,isvalid
routeplan::optimize,routeplan,optimize
routeplan::optimizeroute,routeplan,optimizeroute
routeplan::planroute,routeplan,planroute
routeplan::reorderwaypoints,routeplan,reorderwaypoints
routeplan::setwaypoints,routeplan,setwaypoints
routeplan::updatewaypoints,routeplan,updatewaypoints
routeplan::validate,routeplan,validate
routeplan::validateroute,routeplan,validateroute
routeplan::validaterouteplan,routeplan,validaterouteplan
routeplan::validatewaypoints,routeplan,validatewaypoints
routeplan::validatewaypointsequence,routeplan,validatewaypointsequence
searchfilter::addcategory,searchfilter,addcategory
searchfilter::addcategoryfilter,searchfilter,addcategoryfilter
searchfilter::addkeyword,searchfilter,addkeyword
searchfilter::apply,searchfilter,apply
searchfilter::applycategoryfilter,searchfilter,applycategoryfilter
searchfilter::applyfilter,searchfilter,applyfilter
searchfilter::applyfilters,searchfilter,applyfilters
searchfilter::applylocationfilter,searchfilter,applylocationfilter
searchfilter::build,searchfilter,build
searchfilter::createsearchfilter,searchfilter,createsearchfilter
searchfilter::filter,searchfilter,filter
searchfilter::filterbycategories,searchfilter,filterbycategories
searchfilter::filterbykeywords,searchfilter,filterbykeywords
searchfilter::filterbylocation,searchfilter,filterbylocation
searchfilter::filterproducts,searchfilter,filterproducts
searchfilter::findmatchingproducts,searchfilter,findmatchingproducts
searchfilter::getfilteredresults,searchfilter,getfilteredresults
searchfilter::isvalid,searchfilter,isvalid
searchfilter::iswithindistance,searchfilter,iswithindistance
searchfilter::matches,searchfilter,matches
searchfilter::matchescategories,searchfilter,matchescategories
searchfilter::matcheskeywords,searchfilter,matcheskeywords
searchfilter::matchesproduct,searchfilter,matchesproduct
searchfilter::search,searchfilter,search
searchfilter::searchproducts,searchfilter,searchproducts
searchfilter::setcriteria,searchfilter,setcriteria
searchfilter::setkeywordfilter,searchfilter,setkeywordfilter
searchfilter::setkeywords,searchfilter,setkeywords
searchfilter::setlocation,searchfilter,setlocation
searchfilter::setlocationfilter,searchfilter,setlocationfilter
searchfilter::setlocationradius,searchfilter,setlocationradius
searchfilter::setmaxdistance,searchfilter,setmaxdistance
searchfilter::validate,searchfilter,validate
searchfilter::validatecriteria,searchfilter,validatecriteria
searchfilter::validatefilter,searchfilter,validatefilter
searchfilter::validatesearchcriteria,searchfilter,validatesearchcriteria
searchfilter::withindistance,searchfilter,withindistance
serviceprovider::acceptcollectionrequest,serviceprovider,acceptcollectionrequest
serviceprovider::acceptrequest,serviceprovider,acceptrequest
serviceprovider::accepttransportrequest,serviceprovider,accepttransportrequest
serviceprovider::activate,serviceprovider,activate
serviceprovider::addressissues,serviceprovider,addressissues
serviceprovider::addservicearea,serviceprovider,addservicearea
serviceprovider::addvehicletype,serviceprovider,addvehicletype
serviceprovider::approve,serviceprovider,approve
serviceprovider::approveprofile,serviceprovider,approveprofile
serviceprovider::approveprovider,serviceprovider,approveprovider
serviceprovider::assigntorequest,serviceprovider,assigntorequest
serviceprovider::assigntoservicerequest,serviceprovider,assigntoservicerequest
serviceprovider::bookservice,serviceprovider,bookservice
serviceprovider::canhandle,serviceprovider,canhandle
serviceprovider::checkavailability,serviceprovider,checkavailability
serviceprovider::checkcapacity,serviceprovider,checkcapacity
serviceprovider::checkcollectioncapacity,serviceprovider,checkcollectioncapacity
serviceprovider::checkfeasibility,serviceprovider,checkfeasibility
serviceprovider::checklogisticsfeasibility,serviceprovider,checklogisticsfeasibility
serviceprovider::checktransportfeasibility,serviceprovider,checktransportfeasibility
serviceprovider::checkvehicleavailability,serviceprovider,checkvehicleavailability
serviceprovider::completerequest,serviceprovider,completerequest
serviceprovider::completetransport,serviceprovider,completetransport
serviceprovider::confirmacceptance,serviceprovider,confirmacceptance
serviceprovider::confirmcollectionrequest,serviceprovider,confirmcollectionrequest
serviceprovider::confirmtransportrequest,serviceprovider,confirmtransportrequest
serviceprovider::createproviderprofile,serviceprovider,createproviderprofile
serviceprovider::deactivate,serviceprovider,deactivate
serviceprovider::deactivateprofile,serviceprovider,deactivateprofile
serviceprovider::deactivateprovider,serviceprovider,deactivateprovider
serviceprovider::deactivateprovideraccount,serviceprovider,deactivateprovideraccount
serviceprovider::declinerequest,serviceprovider,declinerequest
serviceprovider::dispatchcollection,serviceprovider,dispatchcollection
serviceprovider::dispatchcollectionteam,serviceprovider,dispatchcollectionteam
serviceprovider::dispatchteam,serviceprovider,dispatchteam
serviceprovider::dispatchvehicle,serviceprovider,dispatchvehicle
serviceprovider::editprofile,serviceprovider,editprofile
serviceprovider::evaluatecollectionfeasibility,serviceprovider,evaluatecollectionfeasibility
serviceprovider::evaluatetransportfeasibility,serviceprovider,evaluatetransportfeasibility
serviceprovider::executetransport,serviceprovider,executetransport
serviceprovider::getavailableproviders,serviceprovider,getavailableproviders
serviceprovider::getpendingcollectionrequests,serviceprovider,getpendingcollectionrequests
serviceprovider::getpendingtransportrequests,serviceprovider,getpendingtransportrequests
serviceprovider::getprofile,serviceprovider,getprofile
serviceprovider::handlecollectionrequest,serviceprovider,handlecollectionrequest
serviceprovider::handletransportrequest,serviceprovider,handletransportrequest
serviceprovider::initializeprovider,serviceprovider,initializeprovider
serviceprovider::listcompanies,serviceprovider,listcompanies
serviceprovider::listpendingcollectionrequests,serviceprovider,listpendingcollectionrequests
serviceprovider::listpendingrequests,serviceprovider,listpendingrequests
serviceprovider::listpendingtransportrequests,serviceprovider,listpendingtransportrequests
serviceprovider::managecollectionrequest,serviceprovider,managecollectionrequest
serviceprovider::managetransportrequest,serviceprovider,managetransportrequest
serviceprovider::markascollected,serviceprovider,markascollected
serviceprovider::markascompleted,serviceprovider,markascompleted
serviceprovider::markrequestcollected,serviceprovider,markrequestcollected
serviceprovider::notifyrequestaccepted,serviceprovider,notifyrequestaccepted
serviceprovider::operaterouteplan,serviceprovider,operaterouteplan
serviceprovider::performtransport,serviceprovider,performtransport
serviceprovider::receiverequest,serviceprovider,receiverequest
serviceprovider::removeservicearea,serviceprovider,removeservicearea
serviceprovider::reviewprofiles,serviceprovider,reviewprofiles
serviceprovider::saveupdates,serviceprovider,saveupdates
serviceprovider::schedulecollection,serviceprovider,schedulecollection
serviceprovider::schedulerequest,serviceprovider,schedulerequest
serviceprovider::scheduleservice,serviceprovider,scheduleservice
serviceprovider::scheduletransport,serviceprovider,scheduletransport
serviceprovider::submitprofileupdates,serviceprovider,submitprofileupdates
serviceprovider::updateavailability,serviceprovider,updateavailability
serviceprovider::updateavailabilityschedule,serviceprovider,updateavailabilityschedule
serviceprovider::updatecompanydetails,serviceprovider,updatecompanydetails
serviceprovider::updatecompanyinfo,serviceprovider,updatecompanyinfo
serviceprovider::updatecompanyname,serviceprovider,updatecompanyname
serviceprovider::updatecompanyprofile,serviceprovider,updatecompanyprofile
serviceprovider::updatedetails,serviceprovider,updatedetails
serviceprovider::updatefields,serviceprovider,updatefields
serviceprovider::updateoperatinghours,serviceprovider,updateoperatinghours
serviceprovider::updateprofile,serviceprovider,updateprofile
serviceprovider::updateprofiledetails,serviceprovider,updateprofiledetails
serviceprovider::updateprofilesettings,serviceprovider,updateprofilesettings
serviceprovider::updateproviderdetails,serviceprovider,updateproviderdetails
serviceprovider::updateproviderprofile,serviceprovider,updateproviderprofile
serviceprovider::updateserviceablevehicletypes,serviceprovider,updateserviceablevehicletypes
serviceprovider::updateserviceareas,serviceprovider,updateserviceareas
serviceprovider::updateservicedetails,serviceprovider,updateservicedetails
serviceprovider::updateserviceprofile,serviceprovider,updateserviceprofile
serviceprovider::updateserviceproviderdetails,serviceprovider,updateserviceproviderdetails
serviceprovider::updateserviceproviderprofile,serviceprovider,updateserviceproviderprofile
serviceprovider::updatesupportedvehicles,serviceprovider,updatesupportedvehicles
serviceprovider::validateprofile,serviceprovider,validateprofile
serviceprovider::validateprofileupdate,serviceprovider,validateprofileupdate
serviceprovider::validateprofileupdates,serviceprovider,validateprofileupdates
serviceprovider::validateserviceprovider,serviceprovider,validateserviceprovider
serviceprovider::validateupdates,serviceprovider,validateupdates
serviceprovider::viewpendingrequests,serviceprovider,viewpendingrequests
servicerequest::accept,servicerequest,accept
servicerequest::acceptandschedulerequest,servicerequest,acceptandschedulerequest
servicerequest::acceptrequest,servicerequest,acceptrequest
servicerequest::addtrackingjourney,servicerequest,addtrackingjourney
servicerequest::assignjourney,servicerequest,assignjourney
servicerequest::assignprovider,servicerequest,assignprovider
servicerequest::assignserviceprovider,servicerequest,assignserviceprovider
servicerequest::assigntoprovider,servicerequest,assigntoprovider
servicerequest::assigntrackingjourney,servicerequest,assigntrackingjourney
servicerequest::assignwastejourney,servicerequest,assignwastejourney
servicerequest::bookservice,servicerequest,bookservice
servicerequest::canbecancelled,servicerequest,canbecancelled
servicerequest::canbecancelledbyuser,servicerequest,canbecancelledbyuser
servicerequest::cancel,servicerequest,cancel
servicerequest::cancelbyuser,servicerequest,cancelbyuser
servicerequest::cancelrequest,servicerequest,cancelrequest
servicerequest::checkcancellationeligibility,servicerequest,checkcancellationeligibility
servicerequest::complete,servicerequest,complete
servicerequest::completecollection,servicerequest,completecollection
servicerequest::completerequest,servicerequest,completerequest
servicerequest::completetransport,servicerequest,completetransport
servicerequest::confirmschedule,servicerequest,confirmschedule
servicerequest::confirmscheduling,servicerequest,confirmscheduling
servicerequest::createrequest,servicerequest,createrequest
servicerequest::decline,servicerequest,decline
servicerequest::declinerequest,servicerequest,declinerequest
servicerequest::getdetails,servicerequest,getdetails
servicerequest::getrequestdetails,servicerequest,getrequestdetails
servicerequest::getrequester,servicerequest,getrequester
servicerequest::getrequestsbyrequester,servicerequest,getrequestsbyrequester
servicerequest::getscheduledtime,servicerequest,getscheduledtime
servicerequest::getservicerequeststatus,servicerequest,getservicerequeststatus
servicerequest::getstatus,servicerequest,getstatus
servicerequest::initializerequest,servicerequest,initializerequest
servicerequest::iscancellable,servicerequest,iscancellable
servicerequest::iseditable,servicerequest,iseditable
servicerequest::iseligibleforcancellation,servicerequest,iseligibleforcancellation
servicerequest::ispastcancellationwindow,servicerequest,ispastcancellationwindow
servicerequest::linkwastejourney,servicerequest,linkwastejourney
servicerequest::listrequests,servicerequest,listrequests
servicerequest::markascompleted,servicerequest,markascompleted
servicerequest::markcollected,servicerequest,markcollected
servicerequest::markcompleted,servicerequest,markcompleted
servicerequest::markscheduled,servicerequest,markscheduled
servicerequest::propose,servicerequest,propose
servicerequest::proposealternativetime,servicerequest,proposealternativetime
servicerequest::proposealternativetimeslots,servicerequest,proposealternativetimeslots
servicerequest::proposetimes,servicerequest,proposetimes
servicerequest::proposetimeslot,servicerequest,proposetimeslot
servicerequest::proposetimeslots,servicerequest,proposetimeslots
servicerequest::recordjourneystageupdate,servicerequest,recordjourneystageupdate
servicerequest::reject,servicerequest,reject
servicerequest::reviewlistings,servicerequest,reviewlistings
servicerequest::schedule,servicerequest,schedule
servicerequest::schedulecollection,servicerequest,schedulecollection
servicerequest::schedulerequest,servicerequest,schedulerequest
servicerequest::scheduleservice,servicerequest,scheduleservice
servicerequest::setstatus,servicerequest,setstatus
servicerequest::submit,servicerequest,submit
servicerequest::submitrequest,servicerequest,submitrequest
servicerequest::transitionstatus,servicerequest,transitionstatus
servicerequest::updatedetails,servicerequest,updatedetails
servicerequest::updatelistings,servicerequest,updatelistings
servicerequest::updateservicelisting,servicerequest,updateservicelisting
servicerequest::updatestatus,servicerequest,updatestatus
servicerequest::validate,servicerequest,validate
servicerequest::validatecancellation,servicerequest,validatecancellation
servicerequest::validaterequest,servicerequest,validaterequest
servicerequest::validaterequestconsistency,servicerequest,validaterequestconsistency
servicerequest::validaterequestconstraints,servicerequest,validaterequestconstraints
servicerequest::validaterequestdata,servicerequest,validaterequestdata
servicerequest::validaterequestdetails,servicerequest,validaterequestdetails
servicerequest::viewdetails,servicerequest,viewdetails
servicerequest::viewstatus,servicerequest,viewstatus
servicerequestdetails::adddetail,servicerequestdetails,adddetail
servicerequestdetails::adddetails,servicerequestdetails,adddetails
servicerequestdetails::addrequestdetail,servicerequestdetails,addrequestdetail
servicerequestdetails::extractpayload,servicerequestdetails,extractpayload
servicerequestdetails::getdetail,servicerequestdetails,getdetail
servicerequestdetails::getrequestdetail,servicerequestdetails,getrequestdetail
servicerequestdetails::updatedetails,servicerequestdetails,updatedetails
servicerequestdetails::validatepayloadstructure,servicerequestdetails,validatepayloadstructure
timerange::contains,timerange,contains
timerange::isavailable,timerange,isavailable
timerange::isvalid,timerange,isvalid
timerange::iswithin,timerange,iswithin
timerange::iswithinbusinesshours,timerange,iswithinbusinesshours
timerange::overlaps,timerange,overlaps
timerange::overlapswith,timerange,overlapswith
timerange::validate,timerange,validate
timerange::validateconsistency,timerange,validateconsistency
timerange::validaterange,timerange,validaterange
timerange::validatetimeorder,timerange,validatetimeorder
timerange::validatetimerange,timerange,validatetimerange
transportrequest::accept,transportrequest,accept
transportrequest::acceptrequest,transportrequest,acceptrequest
transportrequest::accepttransport,transportrequest,accepttransport
transportrequest::assignrouteplan,transportrequest,assignrouteplan
transportrequest::assigntransport,transportrequest,assigntransport
transportrequest::calculateoptimalroute,transportrequest,calculateoptimalroute
transportrequest::checkvehicleavailability,transportrequest,checkvehicleavailability
transportrequest::complete,transportrequest,complete
transportrequest::completerequest,transportrequest,completerequest
transportrequest::completetransport,transportrequest,completetransport
transportrequest::confirmacceptance,transportrequest,confirmacceptance
transportrequest::confirmrequest,transportrequest,confirmrequest
transportrequest::confirmtransport,transportrequest,confirmtransport
transportrequest::create,transportrequest,create
transportrequest::createrequest,transportrequest,createrequest
transportrequest::createroute,transportrequest,createroute
transportrequest::createrouteplan,transportrequest,createrouteplan
transportrequest::createtransportrequest,transportrequest,createtransportrequest
transportrequest::decline,transportrequest,decline
transportrequest::defineroute,transportrequest,defineroute
transportrequest::generaterouteplan,transportrequest,generaterouteplan
transportrequest::initializetransportrequest,transportrequest,initializetransportrequest
transportrequest::markascompleted,transportrequest,markascompleted
transportrequest::markastransported,transportrequest,markastransported
transportrequest::markcompleted,transportrequest,markcompleted
transportrequest::markdelivered,transportrequest,markdelivered
transportrequest::optimizeroute,transportrequest,optimizeroute
transportrequest::planroute,transportrequest,planroute
transportrequest::scheduletransport,transportrequest,scheduletransport
transportrequest::setrouteplan,transportrequest,setrouteplan
transportrequest::specifytransportroute,transportrequest,specifytransportroute
transportrequest::starttransport,transportrequest,starttransport
transportrequest::submit,transportrequest,submit
transportrequest::submittransportrequest,transportrequest,submittransportrequest
transportrequest::updaterouteplan,transportrequest,updaterouteplan
transportrequest::updatestatus,transportrequest,updatestatus
transportrequest::updatetransportdetails,transportrequest,updatetransportdetails
transportrequest::validateroute,transportrequest,validateroute
transportrequest::validateroutefeasibility,transportrequest,validateroutefeasibility
transportrequest::validaterouteplan,transportrequest,validaterouteplan
transportrequest::validatetransportdetails,transportrequest,validatetransportdetails
transportrequest::validatetransportrequest,transportrequest,validatetransportrequest
transportrequest::viewdetails,transportrequest,viewdetails
user::deactivateaccount,user,deactivateaccount
user::login,user,login
user::logout,user,logout
user::register,user,register
user::requestpasswordreset,user,requestpasswordreset
user::resetpassword,user,resetpassword
user::updateprofile,user,updateprofile
user::verifyemail,user,verifyemail
useraccount::activate,useraccount,activate
useraccount::activateaccount,useraccount,activateaccount
useraccount::activateemail,useraccount,activateemail
useraccount::approveaccount,useraccount,approveaccount
useraccount::assignserviceproviderrole,useraccount,assignserviceproviderrole
useraccount::attemptlogin,useraccount,attemptlogin
useraccount::authenticate,useraccount,authenticate
useraccount::authorizelogin,useraccount,authorizelogin
useraccount::canlogin,useraccount,canlogin
useraccount::changeaccountstatus,useraccount,changeaccountstatus
useraccount::checkaccountstatus,useraccount,checkaccountstatus
useraccount::confirmpasswordreset,useraccount,confirmpasswordreset
useraccount::create,useraccount,create
useraccount::createaccount,useraccount,createaccount
useraccount::createnewaccount,useraccount,createnewaccount
useraccount::createunverifiedaccount,useraccount,createunverifiedaccount
useraccount::deactivate,useraccount,deactivate
useraccount::deactivateaccount,useraccount,deactivateaccount
useraccount::endsession,useraccount,endsession
useraccount::generateemailverificationtoken,useraccount,generateemailverificationtoken
useraccount::getaccountstatus,useraccount,getaccountstatus
useraccount::incrementfailedattempts,useraccount,incrementfailedattempts
useraccount::incrementfailedlogin,useraccount,incrementfailedlogin
useraccount::incrementfailedloginattempts,useraccount,incrementfailedloginattempts
useraccount::initializeaccount,useraccount,initializeaccount
useraccount::initializeserviceproviderprofile,useraccount,initializeserviceproviderprofile
useraccount::initiatepasswordreset,useraccount,initiatepasswordreset
useraccount::isactive,useraccount,isactive
useraccount::iseligibletologin,useraccount,iseligibletologin
useraccount::islocked,useraccount,islocked
useraccount::lock,useraccount,lock
useraccount::lockaccount,useraccount,lockaccount
useraccount::login,useraccount,login
useraccount::logout,useraccount,logout
useraccount::markemailverified,useraccount,markemailverified
useraccount::reactivateaccount,useraccount,reactivateaccount
useraccount::recordlogin,useraccount,recordlogin
useraccount::recordloginfailure,useraccount,recordloginfailure
useraccount::recordloginsuccess,useraccount,recordloginsuccess
useraccount::recordlogintime,useraccount,recordlogintime
useraccount::recordlogintimestamp,useraccount,recordlogintimestamp
useraccount::recordregistrationdate,useraccount,recordregistrationdate
useraccount::recoverpassword,useraccount,recoverpassword
useraccount::register,useraccount,register
useraccount::registeraccount,useraccount,registeraccount
useraccount::registernewaccount,useraccount,registernewaccount
useraccount::registerunverified,useraccount,registerunverified
useraccount::registeruser,useraccount,registeruser
useraccount::resetloginattempts,useraccount,resetloginattempts
useraccount::resetpassword,useraccount,resetpassword
useraccount::sendpasswordresetlink,useraccount,sendpasswordresetlink
useraccount::setaccountstatus,useraccount,setaccountstatus
useraccount::suspend,useraccount,suspend
useraccount::suspendaccount,useraccount,suspendaccount
useraccount::terminatesession,useraccount,terminatesession
useraccount::unlock,useraccount,unlock
useraccount::unlockaccount,useraccount,unlockaccount
useraccount::unsuspend,useraccount,unsuspend
useraccount::updatelastlogin,useraccount,updatelastlogin
useraccount::updatelastlogindate,useraccount,updatelastlogindate
useraccount::updatelogintimestamp,useraccount,updatelogintimestamp
useraccount::updateprofile,useraccount,updateprofile
useraccount::updateprofiledetails,useraccount,updateprofiledetails
useraccount::updatestatus,useraccount,updatestatus
useraccount::validatecredentials,useraccount,validatecredentials
useraccount::validateemailformat,useraccount,validateemailformat
useraccount::validatepasswordstrength,useraccount,validatepasswordstrength
useraccount::validateregistration,useraccount,validateregistration
useraccount::validateuseraccount,useraccount,validateuseraccount
useraccount::verifyemail,useraccount,verifyemail
usercredentials::attemptlogin,usercredentials,attemptlogin
usercredentials::authenticate,usercredentials,authenticate
usercredentials::changepassword,usercredentials,changepassword
usercredentials::checkpassword,usercredentials,checkpassword
usercredentials::clearfailedloginattempts,usercredentials,clearfailedloginattempts
usercredentials::clearpasswordresettoken,usercredentials,clearpasswordresettoken
usercredentials::completepasswordreset,usercredentials,completepasswordreset
usercredentials::confirmpasswordreset,usercredentials,confirmpasswordreset
usercredentials::createcredentials,usercredentials,createcredentials
usercredentials::createpasswordresettoken,usercredentials,createpasswordresettoken
usercredentials::encryptpassword,usercredentials,encryptpassword
usercredentials::generateemailverificationtoken,usercredentials,generateemailverificationtoken
usercredentials::generatepasswordresettoken,usercredentials,generatepasswordresettoken
usercredentials::generateresettoken,usercredentials,generateresettoken
usercredentials::generateverificationtoken,usercredentials,generateverificationtoken
usercredentials::getemail,usercredentials,getemail
usercredentials::getfailedloginattempts,usercredentials,getfailedloginattempts
usercredentials::hasexceededfailedloginattempts,usercredentials,hasexceededfailedloginattempts
usercredentials::hasexceededmaxloginattempts,usercredentials,hasexceededmaxloginattempts
usercredentials::incrementfailedattempts,usercredentials,incrementfailedattempts
usercredentials::incrementfailedlogin,usercredentials,incrementfailedlogin
usercredentials::incrementfailedloginattempts,usercredentials,incrementfailedloginattempts
usercredentials::initializecredentials,usercredentials,initializecredentials
usercredentials::initiatepasswordreset,usercredentials,initiatepasswordreset
usercredentials::invalidateemailverificationtoken,usercredentials,invalidateemailverificationtoken
usercredentials::invalidatepasswordresettoken,usercredentials,invalidatepasswordresettoken
usercredentials::invalidateresettoken,usercredentials,invalidateresettoken
usercredentials::isaccountlocked,usercredentials,isaccountlocked
usercredentials::isloginallowed,usercredentials,isloginallowed
usercredentials::ispasswordresettokenvalid,usercredentials,ispasswordresettokenvalid
usercredentials::isresettokenvalid,usercredentials,isresettokenvalid
usercredentials::istokenexpired,usercredentials,istokenexpired
usercredentials::istokenvalid,usercredentials,istokenvalid
usercredentials::isvalidpasswordresettoken,usercredentials,isvalidpasswordresettoken
usercredentials::isvalidverificationtoken,usercredentials,isvalidverificationtoken
usercredentials::lockaccount,usercredentials,lockaccount
usercredentials::matchespassword,usercredentials,matchespassword
usercredentials::recordfailedattempt,usercredentials,recordfailedattempt
usercredentials::recordfailedloginattempt,usercredentials,recordfailedloginattempt
usercredentials::recordlogin,usercredentials,recordlogin
usercredentials::recordloginattempt,usercredentials,recordloginattempt
usercredentials::recordlogintime,usercredentials,recordlogintime
usercredentials::recordlogintimestamp,usercredentials,recordlogintimestamp
usercredentials::recordlogout,usercredentials,recordlogout
usercredentials::recordlogouttime,usercredentials,recordlogouttime
usercredentials::recordpasswordchange,usercredentials,recordpasswordchange
usercredentials::recordsuccessfullogin,usercredentials,recordsuccessfullogin
usercredentials::resetfailedattempts,usercredentials,resetfailedattempts
usercredentials::resetfailedloginattempts,usercredentials,resetfailedloginattempts
usercredentials::resetloginattempts,usercredentials,resetloginattempts
usercredentials::resetpassword,usercredentials,resetpassword
usercredentials::resetpasswordtoken,usercredentials,resetpasswordtoken
usercredentials::sendpasswordresetlink,usercredentials,sendpasswordresetlink
usercredentials::setnewpassword,usercredentials,setnewpassword
usercredentials::setpassword,usercredentials,setpassword
usercredentials::setresettoken,usercredentials,setresettoken
usercredentials::shouldlockaccount,usercredentials,shouldlockaccount
usercredentials::updatelastlogin,usercredentials,updatelastlogin
usercredentials::updatelastlogindate,usercredentials,updatelastlogindate
usercredentials::updatepassword,usercredentials,updatepassword
usercredentials::validatecredentials,usercredentials,validatecredentials
usercredentials::validatecredentialsformat,usercredentials,validatecredentialsformat
usercredentials::validateemail,usercredentials,validateemail
usercredentials::validateemailandpassword,usercredentials,validateemailandpassword
usercredentials::validateemailformat,usercredentials,validateemailformat
usercredentials::validateemailverificationtoken,usercredentials,validateemailverificationtoken
usercredentials::validatelogin,usercredentials,validatelogin
usercredentials::validatepassword,usercredentials,validatepassword
usercredentials::validatepasswordresettoken,usercredentials,validatepasswordresettoken
usercredentials::validatepasswordstrength,usercredentials,validatepasswordstrength
usercredentials::validateresetlink,usercredentials,validateresetlink
usercredentials::validateresettoken,usercredentials,validateresettoken
usercredentials::validatetoken,usercredentials,validatetoken
usercredentials::validatetokenexpiration,usercredentials,validatetokenexpiration
usercredentials::validateverificationtoken,usercredentials,validateverificationtoken
usercredentials::verifycredentials,usercredentials,verifycredentials
usercredentials::verifyemailtoken,usercredentials,verifyemailtoken
usercredentials::verifypassword,usercredentials,verifypassword
usercredentials::verifypasswordresettoken,usercredentials,verifypasswordresettoken
usercredentials::verifyresettoken,usercredentials,verifyresettoken
userprofile::applychanges,userprofile,applychanges
userprofile::applyprofilechanges,userprofile,applyprofilechanges
userprofile::applyupdate,userprofile,applyupdate
userprofile::applyupdates,userprofile,applyupdates
userprofile::assignrole,userprofile,assignrole
userprofile::changeemail,userprofile,changeemail
userprofile::changerole,userprofile,changerole
userprofile::confirmemailverification,userprofile,confirmemailverification
userprofile::createprofile,userprofile,createprofile
userprofile::deactivateaccount,userprofile,deactivateaccount
userprofile::generateverificationtoken,userprofile,generateverificationtoken
userprofile::getemailverificationtokenexpiration,userprofile,getemailverificationtokenexpiration
userprofile::getproductlistings,userprofile,getproductlistings
userprofile::getprofile,userprofile,getprofile
userprofile::getrole,userprofile,getrole
userprofile::getservicerequests,userprofile,getservicerequests
userprofile::initializeprofile,userprofile,initializeprofile
userprofile::initiateemailverification,userprofile,initiateemailverification
userprofile::isemailverified,userprofile,isemailverified
userprofile::markemailasverified,userprofile,markemailasverified
userprofile::markemailverified,userprofile,markemailverified
userprofile::promoteto,userprofile,promoteto
userprofile::recordaccountlockdate,userprofile,recordaccountlockdate
userprofile::recorddeactivation,userprofile,recorddeactivation
userprofile::recorddeactivationreason,userprofile,recorddeactivationreason
userprofile::recordlastupdate,userprofile,recordlastupdate
userprofile::recordlastupdateddate,userprofile,recordlastupdateddate
userprofile::recordlockdate,userprofile,recordlockdate
userprofile::recordlogintime,userprofile,recordlogintime
userprofile::recordmodificationtimestamp,userprofile,recordmodificationtimestamp
userprofile::recordprofileupdate,userprofile,recordprofileupdate
userprofile::recordupdatetimestamp,userprofile,recordupdatetimestamp
userprofile::searchprofile,userprofile,searchprofile
userprofile::senddeactivationconfirmation,userprofile,senddeactivationconfirmation
userprofile::sendverificationemail,userprofile,sendverificationemail
userprofile::setaccountlockeddate,userprofile,setaccountlockeddate
userprofile::setaddress,userprofile,setaddress
userprofile::setdeactivationreason,userprofile,setdeactivationreason
userprofile::setname,userprofile,setname
userprofile::setphonenumber,userprofile,setphonenumber
userprofile::setrole,userprofile,setrole
userprofile::updateaddress,userprofile,updateaddress
userprofile::updatecontactdetails,userprofile,updatecontactdetails
userprofile::updatecontactinfo,userprofile,updatecontactinfo
userprofile::updatedetails,userprofile,updatedetails
userprofile::updateemail,userprofile,updateemail
userprofile::updatelastmodified,userprofile,updatelastmodified
userprofile::updatelastupdateddate,userprofile,updatelastupdateddate
userprofile::updatename,userprofile,updatename
userprofile::updatephonenumber,userprofile,updatephonenumber
userprofile::updateprofile,userprofile,updateprofile
userprofile::updateprofiledata,userprofile,updateprofiledata
userprofile::updateprofiledetails,userprofile,updateprofiledetails
userprofile::updateprofileinfo,userprofile,updateprofileinfo
userprofile::updaterole,userprofile,updaterole
userprofile::validate,userprofile,validate
userprofile::validatebasicinfo,userprofile,validatebasicinfo
userprofile::validateemail,userprofile,validateemail
userprofile::validateemailformat,userprofile,validateemailformat
userprofile::validateforupdate,userprofile,validateforupdate
userprofile::validatepasswordresettoken,userprofile,validatepasswordresettoken
userprofile::validatephoneformat,userprofile,validatephoneformat
userprofile::validatephonenumber,userprofile,validatephonenumber
userprofile::validateprofile,userprofile,validateprofile
userprofile::validateprofiledata,userprofile,validateprofiledata
userprofile::validateprofiledetails,userprofile,validateprofiledetails
userprofile::validateprofileupdate,userprofile,validateprofileupdate
userprofile::validateprofileupdates,userprofile,validateprofileupdates
userprofile::validateupdateddata,userprofile,validateupdateddata
userprofile::validateupdates,userprofile,validateupdates
userprofile::verifyemail,userprofile,verifyemail
userprofile::verifyemailaddress,userprofile,verifyemailaddress
validationresult::adderrormessage,validationresult,adderrormessage
validationresult::addmessage,validationresult,addmessage
validationresult::createfailure,validationresult,createfailure
validationresult::createinvalidresult,validationresult,createinvalidresult
validationresult::createsuccess,validationresult,createsuccess
validationresult::createvalidresult,validationresult,createvalidresult
validationresult::isvalid,validationresult,isvalid
validationresult::validate,validationresult,validate
validationresult::validateaddressconsistency,validationresult,validateaddressconsistency
validationresult::validateemailformat,validationresult,validateemailformat
validationresult::validatepasswordstrength,validationresult,validatepasswordstrength
wastejourney::addprocessingstage,wastejourney,addprocessingstage
wastejourney::addstage,wastejourney,addstage
wastejourney::canceljourney,wastejourney,canceljourney
wastejourney::checkstatus,wastejourney,checkstatus
wastejourney::completejourney,wastejourney,completejourney
wastejourney::createjourney,wastejourney,createjourney
wastejourney::displaystatus,wastejourney,displaystatus
wastejourney::findbytrackingcode,wastejourney,findbytrackingcode
wastejourney::generatetrackingcode,wastejourney,generatetrackingcode
wastejourney::getbytrackingcode,wastejourney,getbytrackingcode
wastejourney::getcurrentlocation,wastejourney,getcurrentlocation
wastejourney::getcurrentstage,wastejourney,getcurrentstage
wastejourney::getcurrentstatus,wastejourney,getcurrentstatus
wastejourney::getjourneybycode,wastejourney,getjourneybycode
wastejourney::getjourneybytrackingcode,wastejourney,getjourneybytrackingcode
wastejourney::getjourneystatus,wastejourney,getjourneystatus
wastejourney::getstages,wastejourney,getstages
wastejourney::getstatus,wastejourney,getstatus
wastejourney::gettrackingdetails,wastejourney,gettrackingdetails
wastejourney::gettrackinginfo,wastejourney,gettrackinginfo
wastejourney::gettrackingstatus,wastejourney,gettrackingstatus
wastejourney::initializejourney,wastejourney,initializejourney
wastejourney::markascollected,wastejourney,markascollected
wastejourney::markasintransit,wastejourney,markasintransit
wastejourney::markasprocessed,wastejourney,markasprocessed
wastejourney::markasrecycled,wastejourney,markasrecycled
wastejourney::recordstage,wastejourney,recordstage
wastejourney::recordstagetransition,wastejourney,recordstagetransition
wastejourney::startjourney,wastejourney,startjourney
wastejourney::starttracking,wastejourney,starttracking
wastejourney::track,wastejourney,track
wastejourney::trackbycode,wastejourney,trackbycode
wastejourney::trackjourney,wastejourney,trackjourney
wastejourney::trackprogress,wastejourney,trackprogress
wastejourney::trackstatus,wastejourney,trackstatus
wastejourney::trackwaste,wastejourney,trackwaste
wastejourney::trackwastejourney,wastejourney,trackwastejourney
wastejourney::updatecurrentlocation,wastejourney,updatecurrentlocation
wastejourney::updatejourneystage,wastejourney,updatejourneystage
wastejourney::updatelocation,wastejourney,updatelocation
wastejourney::updatestage,wastejourney,updatestage
wastejourney::updatestatus,wastejourney,updatestatus
wastejourney::updatetrackingstage,wastejourney,updatetrackingstage
wastejourney::updatetrackingstatus,wastejourney,updatetrackingstatus
wastejourney::validatejourney,wastejourney,validatejourney
wastejourney::validatetrackingcode,wastejourney,validatetrackingcode
wastetracking::trackwaste,wastetracking,trackwaste
